{"close_connexion_time": 2.9087066650390625e-05, "create_connexion_time": 0.6027500629425049, "inserts_time_one": {}, "create_database_time": 0.0, "delete_table_time": 0.23299884796142578, "total_time": 319.409460067749, "inserts_time_all": {"BlobStore": 244.46208000183105, "PropertyTypes": 0.06448984146118164, "IDXProperty76": 20.995411157608032, "total": 304.1081328392029, "IDXProperty78": 18.396512985229492, "IDXProperty79": 20.18963885307312}, "create_table_time": 0.2720451354980469, "size": 