{"time_contains": 2.261101007461548, "time_order_number_neq": 4.338865041732788, "time_many_files": 1.3816180229187012, "time_order_number_eq": 0.3496510982513428}