{"close_connexion_time": 0.016633987426757812, "create_connexion_time": 0.004036903381347656, "inserts_time_one": 0, "create_database_time": 0.00013494491577148438, "delete_table_time": 0, "total_time": 141.4837291240692, "stats": 0, "inserts_time_all": {"total": 114.67091012001038, "documents": 114.67091012001038}, "create_table_time": 3.1948089599609375e-05, "size": 0}