{"close_connexion_time": 0.0007600784301757812, "create_connexion_time": 0.0017039775848388672, "inserts_time_one": {"BlobStore": {"count": 100, "time": 0.39278292655944824}, "PropertyTypes": {"count": 81, "time": 0.15990090370178223}, "IDXProperty76": {"count": 100, "time": 0.26776599884033203}, "total": 1.5038628578186035, "IDXProperty78": {"count": 100, "time": 0.16115593910217285}, "IDXProperty79": {"count": 100, "time": 0.5222570896148682}}, "create_database_time": 5.1021575927734375e-05, "delete_table_time": 0.032633066177368164, "total_time": 155.8302299976349, "stats": {"storageSize": 355819520.0, "ok": 1.0, "avgObjSize": 393.95872936599727, "db": "dbexample", "indexes": 5, "objects": 1521760, "collections": 5, "numExtents": 0, "dataSize": 599510636.0, "indexSize": 9003008.0}, "inserts_time_all": {"BlobStore": 49.64095687866211, "PropertyTypes": 0.0032939910888671875, "IDXProperty76": 13.662527084350586, "total": 102.62155795097351, "IDXProperty78": 13.164358854293823, "IDXProperty79": 26.150421142578125}, "create_table_time": 2.86102294921875e-06, "size": 599510636.0}