,Total cost ($),Total usage (Hrs)
2016-09-07,3.55889073,20.0
" Total",3.55889073,20.00