{"time_contains": 0.3408050537109375, "time_order_number_neq": 0.2893071174621582, "time_many_files": 0.27174806594848633, "time_order_number_eq": 0.25127291679382324}