,Total cost ($),Total usage (Hrs)
2016-09-12,3.66224293,25.0
" Total",3.66224293,25.00