{"close_connexion_time": 0.010081052780151367, "create_connexion_time": 0.0017321109771728516, "inserts_time_one": 0, "create_database_time": 6.008148193359375e-05, "delete_table_time": 0, "total_time": 606.8286490440369, "stats": 0, "inserts_time_all": {"total": 588.4093990325928, "documents": 588.4093990325928}, "create_table_time": 4.0531158447265625e-06, "size": 0}