{"time_contains": 14.290879011154175, "time_order_number_neq": 14.319346904754639, "time_many_files": 4.410109043121338, "time_order_number_eq": 0.12794280052185059}