{"close_connexion_time": 0.00013208389282226562, "create_connexion_time": 0.00545191764831543, "inserts_time_one": {"BlobStore": {"count": 100, "time": 2.86102294921875e-06}, "PropertyTypes": {"count": 81, "time": 3.0994415283203125e-06}, "IDXProperty76": {"count": 100, "time": 5.0067901611328125e-06}, "total": 1.811981201171875e-05, "IDXProperty78": {"count": 100, "time": 3.0994415283203125e-06}, "IDXProperty79": {"count": 100, "time": 4.0531158447265625e-06}}, "create_database_time": 0.0, "delete_table_time": 0.16257500648498535, "total_time": 327.75792503356934, "inserts_time_all": {"BlobStore": 64.05318808555603, "PropertyTypes": 0.12428808212280273, "IDXProperty76": 80.35167407989502, "total": 300.5749032497406, "IDXProperty78": 76.3881618976593, "IDXProperty79": 79.65759110450745}, "create_table_time": 2.8204641342163086, "size": null}