{"time_contains": 0.37087297439575195, "time_order_number_neq": 0.6038439273834229, "time_many_files": 0.3636298179626465, "time_order_number_eq": 0.8444700241088867}