,Total cost ($),Total usage (Hrs)
2016-09-06,17.119398630000003,96.0
" Total",17.119398630000003,96.00