,Total cost ($),Total usage (Hrs)
2016-09-09,3.55877239,20.0
" Total",3.55877239,20.00