{"close_connexion_time": 0.0010595321655273438, "stats": 0, "create_database_time": 9.942054748535156e-05, "total_time": 2342.0165655612946, "size": 0, "inserts_time_all": {"IDXProperty76": 2293.905480146408, "total": 2293.905480146408}, "create_table_time": 3.814697265625e-06, "delete_table_time": 1.0063400268554688, "create_connexion_time": 3.814697265625e-06, "inserts_time_one": {"IDXProperty76": {"count": 100, "time": 40.80400061607361}, "total": 40.80400061607361}}