{"size": 0, "inserts_time_all": {"total": 2253.553955078125, "IDXProperty78": 2252.9474709033966, "PropertyTypes": 0.6064841747283936}, "inserts_time_one": {"total": 48.75400257110596, "IDXProperty78": {"time": 26.99527645111084, "count": 100}, "PropertyTypes": {"time": 21.758726119995117, "count": 81}}, "total_time": 2309.8665158748627, "create_database_time": 3.9577484130859375e-05, "stats": 0, "create_connexion_time": 2.86102294921875e-06, "create_table_time": 6.198883056640625e-06, "delete_table_time": 1.3435087203979492, "close_connexion_time": 0.0008955001831054688}