{"inserts_time_all": {"IDXProperty79": 2255.2725265026093, "total": 2255.2725265026093}, "create_database_time": 0.00012063980102539062, "create_connexion_time": 4.291534423828125e-06, "close_connexion_time": 0.0010063648223876953, "stats": 0, "delete_table_time": 0.3107452392578125, "inserts_time_one": {"IDXProperty79": {"count": 100, "time": 28.257848262786865}, "total": 28.257848262786865}, "size": 0, "total_time": 2288.9834489822388, "create_table_time": 4.5299530029296875e-06}