,Total cost ($),Total usage (Hrs)
2016-09-08,3.55849373,20.0
" Total",3.55849373,20.00